"ClientAccountID","AssetClass","Symbol","Description","UnderlyingSymbol","Multiplier","Strike","Expiry","Put/Call","DateTime","TradeDate","TransactionType","Quantity","TradePrice","IBCommission","Open/CloseIndicator","Notes/Codes","Buy/Sell","TransactionID","IBOrderID","LevelOfDetail"
"U1234567","OPT","IONQ  260612P00060000","IONQ 12JUN26 60 P","IONQ","100","60","20260612","P","20260601;100512","20260601","ExchTrade","-5","1.31","-3.25","O","","SELL","3001","9001","EXECUTION"
"U1234567","OPT","IONQ  260612P00060000","IONQ 12JUN26 60 P","IONQ","100","60","20260612","P","20260612;162000","20260612","BookTrade","5","0","0","C","A","BUY","3002","","EXECUTION"
"U1234567","STK","IONQ","IONQ INC","IONQ","1","","","","20260612;162000","20260612","BookTrade","500","60","0","O","A","BUY","3003","","EXECUTION"
"U1234567","OPT","AAPL  260619C00200000","AAPL 19JUN26 200 C","AAPL","100","200","20260619","C","20260602;113000","20260602","ExchTrade","2","3.4","-1.3","O","","BUY","3004","9004","EXECUTION"
"U1234567","OPT","AAPL  260619C00200000","AAPL 19JUN26 200 C","AAPL","100","200","20260619","C","20260619;162000","20260619","BookTrade","-2","0","0","C","Ep","SELL","3005","","EXECUTION"
"U1234567","OPT","SPY   260626P00540000","SPY 26JUN26 540 P","SPY","100","540","20260626","P","20260603;140000","20260603","ExchTrade","1","4.1","-0.65","O","","BUY","3006","9006","EXECUTION"
"U1234567","OPT","SPY   260626P00540000","SPY 26JUN26 540 P","SPY","100","540","20260626","P","20260605;150000","20260605","ExchTrade","-1","5.25","-0.66","C","P","SELL","3007","9007","EXECUTION"
"U1234567","CASH","EUR.USD","EUR.USD","","1","","","","20260604;101500","20260604","ExchTrade","-2000","1.17","-1.7","","","SELL","3008","9008","EXECUTION"
"U1234567","STK","MSFT","MICROSOFT CORP","MSFT","1","","","","20260608;093500","20260608","ExchTrade","-30","420.1","-1","C;O","","SELL","3009","9009","EXECUTION"
