"Date","Action","Symbol","Description","Quantity","Price","Fees & Comm","Amount"
"07/20/2026 as of 07/17/2026","Sell","TOL","TOLL BROS INC","300","$135.00","$1.18","$40,498.82"
"07/20/2026 as of 07/17/2026","Exchange or Exercise","TOL 07/17/2026 135.00 P","PUT TOLL BROS INC $135 EXP 07/17/26","-3","","",""
"07/01/2026","Buy to Open","TOL 07/17/2026 135.00 P","PUT TOLL BROS INC $135 EXP 07/17/26","3","$2.00","$1.98","-$601.98"
"06/30/2026","Bank Interest","","BANK INT 060126-063026 SCHWAB BANK","","","","$0.07"
"06/30/2026","Reinvest Shares","SPY","SPDR S&P 500 ETF","0.0318","$541.00","","-$17.20"
"06/30/2026","Qualified Dividend","SPY","SPDR S&P 500 ETF","","","","$17.20"
"06/22/2026 as of 06/18/2026","Expired","INTC 06/18/2026 25.00 C","CALL INTEL CORP $25 EXP 06/18/26","10","","",""
"06/15/2026","Buy","TOL","TOLL BROS INC","300","$120.00","","-$36,000.00"
"06/10/2026","Buy","SPY","SPDR S&P 500 ETF","10","$540.25","","-$5,402.50"
"06/05/2026","Sell to Close","QQQ 06/26/2026 480.00 P","PUT INVESCO QQQ TR $480 EXP 06/26/26","2","$5.10","$1.34","$1,018.66"
"06/01/2026","Buy to Open","QQQ 06/26/2026 480.00 P","PUT INVESCO QQQ TR $480 EXP 06/26/26","2","$4.15","$1.32","-$831.32"
"05/19/2026","Sell to Open","INTC 06/18/2026 25.00 C","CALL INTEL CORP $25 EXP 06/18/26","10","$0.30","$6.60","$293.40"
"05/18/2026 as of 05/15/2026","Buy","INTC","INTEL CORP","1,000","$23.50","","($23,500.00)"
"05/18/2026 as of 05/15/2026","Assigned","INTC 05/15/2026 23.50 P","PUT INTEL CORP $23.5 EXP 05/15/26","10","","",""
"04/21/2026","Sell to Open","INTC 05/15/2026 23.50 P","PUT INTEL CORP $23.5 EXP 05/15/26","10","$0.45","$6.60","$443.40"
