Date,Type,Sub Type,Action,Symbol,Instrument Type,Description,Value,Quantity,Average Price,Commissions,Fees,Multiplier,Root Symbol,Underlying Symbol,Expiration Date,Strike Price,Call or Put,Order #,Total,Currency
2026-07-17T21:00:00+0100,Receive Deliver,Exercise,,AAPL  260717C00200000,Equity Option,Removal of option due to exercise,0.00,1,0.00,--,0.00,100,AAPL,AAPL,7/17/26,200.0,CALL,,0.00,USD
2026-07-17T21:00:00+0100,Receive Deliver,Buy to Open,BUY_TO_OPEN,AAPL,Equity,Buy to Open 100 AAPL @ 200.00,"-20,000.00",100,-200.00,--,-5.00,,,,,,,,"-20,005.00",USD
2026-07-17T14:40:59+0100,Trade,Sell to Close,SELL_TO_CLOSE,SOXS2 280121C00005000,Equity Option,Sold 3 SOXS 01/21/28 Call 5.00 @ 4.30,"1,290.00",3,430.00,0.00,-0.40,100,SOXS,SOXS,1/21/28,5.0,CALL,484509734,"1,289.60",USD
2026-07-15T11:43:44+0100,Receive Deliver,Reverse Split,BUY_TO_OPEN,SOXS2 280121C00005000,Equity Option,Reverse split: Open 3.0 SOXS2 280121C00005000,-887.00,3,-295.67,--,0.00,100,SOXS,SOXS,1/21/28,5.0,CALL,,-887.00,USD
2026-07-15T11:43:44+0100,Receive Deliver,Reverse Split,SELL_TO_CLOSE,SOXS  280121C00005000,Equity Option,Reverse split: Close 3.0 SOXS  280121C00005000,887.00,3,295.67,--,0.00,100,SOXS,SOXS,1/21/28,5.0,CALL,,887.00,USD
2026-07-02T22:00:00+0100,Receive Deliver,Assignment,,IONQ  260702C00065000,Equity Option,Removal of option due to assignment,0.00,5,0.00,--,0.00,100,IONQ,IONQ,7/02/26,65.0,CALL,,0.00,USD
2026-07-02T22:00:00+0100,Receive Deliver,Sell to Close,SELL_TO_CLOSE,IONQ,Equity,Sell to Close 500 IONQ @ 65.00,"32,500.00",500,65.00,--,-5.10,,,,,,,,"32,494.90",USD
2026-06-22T15:00:00+0100,Trade,Sell to Open,SELL_TO_OPEN,IONQ  260702C00065000,Equity Option,Sold 5 IONQ 07/02/26 Call 65.00 @ 1.20,600.00,5,120.00,-5.00,-0.65,100,IONQ,IONQ,7/02/26,65.0,CALL,480000002,594.35,USD
2026-06-18T16:18:20+0100,Trade,Buy to Open,BUY_TO_OPEN,SOXS  280121C00005000,Equity Option,Bought 1 SOXS 01/21/28 Call 5.00 @ 2.40,-240.00,1,-240.00,-1.00,-0.12,100,SOXS,SOXS,1/21/28,5.0,CALL,477169040,-241.12,USD
2026-06-15T18:46:34+0100,Trade,Buy to Open,BUY_TO_OPEN,SOXS  280121C00005000,Equity Option,Bought 1 SOXS 01/21/28 Call 5.00 @ 2.72,-272.00,1,-272.00,-1.00,-0.12,100,SOXS,SOXS,1/21/28,5.0,CALL,476145360,-273.12,USD
2026-06-15T15:00:00+0100,Trade,Buy to Open,BUY_TO_OPEN,AAPL  260717C00200000,Equity Option,Bought 1 AAPL 07/17/26 Call 200.00 @ 4.50,-450.00,1,-450.00,-1.00,-0.13,100,AAPL,AAPL,7/17/26,200.0,CALL,480000003,-451.13,USD
2026-06-12T22:00:00+0100,Receive Deliver,Assignment,,IONQ  260612P00060000,Equity Option,Removal of option due to assignment,0.00,5,0.00,--,0.00,100,IONQ,IONQ,6/12/26,60.0,PUT,,0.00,USD
2026-06-12T22:00:00+0100,Receive Deliver,Buy to Open,BUY_TO_OPEN,IONQ,Equity,Buy to Open 500 IONQ @ 60.00,"-30,000.00",500,-60.00,--,-5.00,,,,,,,,"-30,005.00",USD
2026-06-04T16:07:57+0100,Trade,Buy to Open,BUY_TO_OPEN,SOXS  280121C00005000,Equity Option,Bought 1 SOXS 01/21/28 Call 5.00 @ 3.75,-375.00,1,-375.00,-1.00,-0.12,100,SOXS,SOXS,1/21/28,5.0,CALL,473024634,-376.12,USD
2026-06-01T15:00:00+0100,Trade,Sell to Open,SELL_TO_OPEN,IONQ  260612P00060000,Equity Option,Sold 5 IONQ 06/12/26 Put 60.00 @ 1.50,750.00,5,150.00,-5.00,-0.65,100,IONQ,IONQ,6/12/26,60.0,PUT,480000001,744.35,USD
2026-04-10T19:11:53+0100,Trade,Sell to Close,SELL_TO_CLOSE,SGOV,Equity,Sold 100 SGOV @ 100.49,"10,049.45",100,100.49,0.00,-0.31,,,,,,,453507025,"10,049.14",USD
2026-03-27T20:00:00+0000,Receive Deliver,Expiration,BUY_TO_CLOSE,RGTI  260327C00015500,Equity Option,Removal of 3.0 RGTI 03/27/26 Call 15.50 due to expiration.,0.00,3,0.00,--,0.00,100,RGTI,RGTI,3/27/26,15.5,CALL,,0.00,USD
2026-03-20T15:00:00+0000,Trade,Sell to Open,SELL_TO_OPEN,RGTI  260327C00015500,Equity Option,Sold 3 RGTI 03/27/26 Call 15.50 @ 0.40,120.00,3,40.00,-3.00,-0.39,100,RGTI,RGTI,3/27/26,15.5,CALL,450000001,116.61,USD
2025-08-11T15:38:35+0100,Trade,Buy to Open,BUY_TO_OPEN,SGOV,Equity,Bought 100 SGOV @ 100.49,"-10,048.71",100,-100.49,0.00,-0.08,,,,,,,400446417,"-10,048.79",USD
2025-05-30T22:01:00+0100,Receive Deliver,Sell to Close,SELL_TO_CLOSE,DM,Equity,Sold 270 DM @ 5.30 - Cash merger at 5.295,"1,429.65",270,5.29,0.00,0.00,,,,,,,,"1,429.65",USD
2024-06-11T11:41:42+0100,Receive Deliver,Reverse Split,BUY_TO_OPEN,DM,Equity,Reverse split: Open 270.0 DM,"-20,250.00",270,-75.00,--,0.00,,,,,,,,"-20,250.00",USD
2024-06-11T11:41:42+0100,Receive Deliver,Reverse Split,SELL_TO_CLOSE,DM,Equity,Reverse split: Close 2700.0 DM,"20,250.00",2700,7.50,--,0.00,,,,,,,,"20,250.00",USD
2021-11-26T18:00:00+0000,Receive Deliver,Expiration,,SOFI  211126P00018000,Equity Option,Removal of 5.0 SOFI 11/26/21 Put 18.00 due to expiration.,0.00,5,0.00,--,0.00,100,SOFI,SOFI,11/26/21,18.0,PUT,,0.00,USD
2021-11-19T22:00:00+0000,Receive Deliver,Assignment,,DM    211119P00007500,Equity Option,Removal of option due to assignment,0.00,27,0.00,--,0.00,100,DM,DM,11/19/21,7.5,PUT,,0.00,USD
2021-11-19T22:00:00+0000,Receive Deliver,Buy to Open,BUY_TO_OPEN,DM,Equity,Buy to Open 2700 DM @ 7.50,"-20,250.00",2700,-7.50,--,-5.00,,,,,,,,"-20,255.00",USD
2021-11-19T15:00:00+0000,Trade,Sell to Open,SELL_TO_OPEN,SOFI  211126P00018000,Equity Option,Sold 5 SOFI 11/26/21 Put 18.00 @ 0.25,125.00,5,25.00,-5.00,-0.65,100,SOFI,SOFI,11/26/21,18.0,PUT,200000001,119.35,USD
2021-11-01T15:30:00+0000,Trade,Sell to Open,SELL_TO_OPEN,DM    211119P00007500,Equity Option,Sold 7 DM 11/19/21 Put 7.50 @ 0.35,245.00,7,35.00,-7.00,-0.91,100,DM,DM,11/19/21,7.5,PUT,190000002,237.09,USD
2021-10-25T15:30:00+0100,Trade,Sell to Open,SELL_TO_OPEN,DM    211119P00007500,Equity Option,Sold 20 DM 11/19/21 Put 7.50 @ 0.30,600.00,20,30.00,-10.00,-2.60,100,DM,DM,11/19/21,7.5,PUT,190000001,587.40,USD
2021-08-04T22:00:00+0100,Receive Deliver,Transfer,BUY_TO_OPEN,AMD,Equity,Transferred 800.0 Long AMD,0.00,800,0.00,--,0.00,,,,,,,,0.00,USD
2021-08-03T19:06:02+0100,Money Movement,Balance Adjustment,,,,Regulatory fee adjustment,-0.01,0,,--,0.00,,,,,,,,-0.01,USD
